timestamp,open,high,low,close,volume,rsi,macd,macd_signal,macd_diff,sma_50,ema_21,atr,body,upper_wick,lower_wick,return_1,return_3,rolling_std,volume_spike,price_above_ema,rsi_oversold,macd_cross_up,volatility,momentum_3
2025-07-11 12:10:00,118035.4,118055.68,118035.4,118055.67,11.04557,68.74419438070481,65.64665669972601,53.74390296737486,11.902753732351151,117809.1102,117940.53389326234,35.00571061814893,20.270000000004075,0.00999999999476131,0.0,0.0001717281425741568,-8.105688007753464e-05,0.0002563486534033853,0.872997061206463,1,0,0,20.279999999998836,-9.570000000006985
2025-07-11 12:11:00,118049.98,118049.99,118049.98,118049.98,0.26516,68.30138332297534,65.48302209164831,56.091064329862604,9.391957761785704,117816.35600000001,117950.00424753036,32.504811713055275,0.0,0.010000000009313226,0.0,0.0,0.00012352226535439215,0.00015779137215055355,0.023234346104658833,1,0,0,0.010000000009313226,14.580000000001746
2025-07-11 12:11:00,118049.98,118049.99,118049.98,118049.98,1.44793,68.30138332297534,65.48302209164831,56.091064329862604,9.391957761785704,117816.35600000001,117950.00424753036,32.504811713055275,0.0,0.010000000009313226,0.0,0.0,0.00012352226535439215,0.00015779137215055355,0.12557182170853232,1,0,0,0.010000000009313226,14.580000000001746
2025-07-11 12:11:00,118049.98,118070.6,118049.98,118070.59,5.3965,70.01632368297611,67.12712465574441,56.419884842681824,10.707239813062586,117816.7682,117951.877883894,33.976954570198174,20.610000000000582,0.010000000009313226,0.0,0.00017458706896866794,0.0002981308997132004,0.00017535914827642232,0.4525158548256352,1,0,0,20.620000000009895,35.19000000000233
2025-07-11 12:11:00,118049.98,118070.6,118049.98,118070.6,6.11862,70.01711073637837,67.12792237654503,56.42004438684195,10.707877989703078,117816.7684,117951.8787929849,33.976954570198174,20.620000000009895,0.0,0.0,0.00017467177885177598,0.0002982156200599384,0.00017537568221989935,0.5099801537970292,1,0,0,20.620000000009895,35.20000000001164
2025-07-11 12:11:00,118049.98,118095.6,118049.98,118095.59,15.09899,71.86283137608952,69.12142665004649,56.81874524154224,12.302681408504249,117817.2682,117954.15061116673,35.76266885591246,45.61000000000058,0.010000000009313226,0.0,0.0003863617765966776,0.0005099317662329295,0.000232840123277069,1.1708457281976654,1,0,0,45.620000000009895,60.19000000000233
2025-07-11 12:11:00,118049.98,118102.94,118049.98,118102.94,17.25128,72.3632127398125,69.70775143636274,56.93601019880549,12.77174123755725,117817.41520000002,117954.81879298491,36.28695457019792,52.9600000000064,0.0,0.0,0.00044862354063934795,0.0005722012209896654,0.00025401820273285064,1.3157840343094405,1,0,0,52.9600000000064,67.54000000000815
2025-07-11 12:12:00,118102.94,118102.94,118102.93,118102.93,2.1972,72.36063943025192,72.38294673482596,60.001821017026636,12.381125717799328,117826.4736,117968.28556861552,33.684637417426,-0.010000000009313226,0.0,0.0,0.0,0.0005721165006429274,0.00025491673813478316,0.17465668816197763,1,0,0,0.010000000009313226,67.52999999999884
2025-07-11 12:12:00,118102.94,118140.0,118102.93,118139.99,7.31217,74.7948248057334,75.33930001116823,60.59309167229509,14.746208338873146,117827.2148,117971.65465952462,36.33178027456869,37.05000000000291,0.00999999999476131,0.010000000009313226,0.0003137940777593329,0.0008860901051719328,0.0002732321942428882,0.5585388498965558,1,0,0,37.070000000006985,104.59000000001106
2025-07-11 12:12:00,118102.94,118155.85,118102.93,118123.99,15.91063,73.79858242338237,74.06294673481898,60.33782101702524,13.725125717793738,117826.89480000001,117970.20011407006,37.463923131711965,21.05000000000291,31.860000000000582,0.010000000009313226,0.00017831903069653876,0.000750537550599395,0.00025621866593442154,1.14042833250821,1,0,0,52.920000000012806,88.59000000001106
2025-07-11 12:12:00,118102.94,118155.85,118102.93,118123.99,17.65573,73.79858242338237,74.06294673481898,60.33782101702524,13.725125717793738,117826.89480000001,117970.20011407006,37.463923131711965,21.05000000000291,31.860000000000582,0.010000000009313226,0.00017831903069653876,0.000750537550599395,0.00025621866593442154,1.2498781498830414,1,0,0,52.920000000012806,88.59000000001106
2025-07-11 12:12:00,118102.94,118155.85,118102.93,118145.16,21.82174,75.10073734011245,75.75172166360426,60.67557600278229,15.076145660821965,117827.31820000001,117972.1246595246,37.463923131711965,42.220000000001164,10.690000000002328,0.010000000009313226,0.0003575694523414441,0.0009298905243682043,0.0002813109258530418,1.5005430267376545,1,0,0,52.920000000012806,109.76000000000931
2025-07-11 12:12:00,118102.94,118155.85,118102.93,118145.16,24.65195,75.10073734011245,75.75172166360426,60.67557600278229,15.076145660821965,117827.31820000001,117972.1246595246,37.463923131711965,42.220000000001164,10.690000000002328,0.010000000009313226,0.0003575694523414441,0.0009298905243682043,0.0002813109258530418,1.662798016104999,1,0,0,52.920000000012806,109.76000000000931
2025-07-11 12:13:00,118145.16,118153.76,118145.16,118145.26,3.83039,75.10787701077251,79.65187266004796,64.47512595911026,15.176746700937699,117837.7634,117987.86453917893,35.399750297493675,0.09999999999126885,8.5,0.0,7.617746877741638e-07,0.0008071157657121297,0.00020688426593379978,0.28308016620065424,1,0,0,8.599999999991269,95.27999999999884
2025-07-11 12:13:00,118145.16,118164.01,118145.16,118164.0,8.19004,76.2335982708557,81.14680143498117,64.7741117140969,16.372689720884267,117838.1382,117989.56817554258,36.131893154636536,18.839999999996508,0.00999999999476131,0.0,0.00015938019302863538,0.000965862086550251,0.00018202856050841205,0.5863817337898639,1,0,0,18.84999999999127,114.02000000000407
2025-07-11 12:13:00,118145.16,118216.34,118145.16,118216.33,19.65953,78.89840306747911,85.3212743694603,65.60900630099272,19.71226806846758,117839.18479999999,117994.32544826984,39.8697502974938,71.16999999999825,0.00999999999476131,0.0,0.000602309853208638,0.0014091489045573447,0.00024378181812344376,1.300747226351572,1,0,0,71.17999999999302,166.35000000000582
2025-07-11 12:13:00,118145.16,118250.0,118145.16,118250.0,25.28872,80.31830041477403,88.00720029539661,66.14619148617999,21.861008809216628,117839.8582,117997.38635736075,42.274036011779764,104.83999999999651,0.0,0.0,0.0008872982281036279,0.0016943670807907374,0.0003432753546875232,1.6131151046182652,1,0,0,104.83999999999651,200.02000000000407
2025-07-11 12:13:00,118145.16,118250.0,118145.16,118235.01,33.33384,79.71048486023133,86.81141681960435,65.90703479102153,20.904382028582816,117839.5584,117996.02363008802,42.274036011779764,89.84999999999127,14.990000000005239,0.0,0.0007604204217572796,0.0015673869660968176,0.0002963481168327968,2.022505410473672,1,0,0,104.83999999999651,185.02999999999884
2025-07-11 12:14:00,118250.0,118250.0,118249.99,118249.99,0.08927,80.32154660896268,96.61602358656819,72.25869786999716,24.357325716571026,117851.7816,118020.34715237754,39.25518918279312,-0.00999999999476131,0.0,0.0,0.0,0.0012451850263157649,0.0003432430609379033,0.005709995427910013,1,0,0,0.00999999999476131,147.06000000001222
2025-07-11 12:14:00,118250.0,118254.93,118249.99,118254.92,3.39036,80.52816329346493,97.009299939833,72.33735314065012,24.671946799182876,117851.8802,118020.79533419572,39.60733203993548,4.919999999998254,0.00999999999476131,0.00999999999476131,4.169133544951187e-05,0.0012869282751919453,0.0003325483627008236,0.21237405410403104,1,0,0,4.939999999987776,151.99000000000524
2025-07-11 12:14:00,118250.0,118254.93,118249.99,118254.93,5.28705,80.52857798500528,97.01009766063362,72.33751268481025,24.67258497582337,117851.8804,118020.79624328662,39.60733203993548,4.929999999993015,0.0,0.00999999999476131,4.177590205278747e-05,0.001287012947096322,0.0003325273824715671,0.32729519543616026,1,0,0,4.939999999987776,152.0
2025-07-11 12:14:00,118250.0,118259.24,118235.01,118235.02,10.71418,77.81432397730215,95.42183555237716,72.01986026315896,23.4019752892182,117851.48220000001,118018.98624328662,40.98518918279424,-14.979999999995925,9.240000000005239,0.010000000009313226,-0.00012659620520893977,0.0011184311854075535,0.0003795032910589935,0.641702960246888,1,0,0,24.230000000010477,132.09000000001106
2025-07-11 12:14:00,118250.0,118259.24,118235.01,118235.02,14.56103,77.81432397730215,95.42183555237716,72.01986026315896,23.4019752892182,117851.48220000001,118018.98624328662,40.98518918279424,-14.979999999995925,9.240000000005239,0.010000000009313226,-0.00012659620520893977,0.0011184311854075535,0.0003795032910589935,0.852461225710379,1,0,0,24.230000000010477,132.09000000001106
2025-07-11 12:14:00,118250.0,118259.24,118235.01,118235.02,16.88759,77.81432397730215,95.42183555237716,72.01986026315896,23.4019752892182,117851.48220000001,118018.98624328662,40.98518918279424,-14.979999999995925,9.240000000005239,0.010000000009313226,-0.00012659620520893977,0.0011184311854075535,0.0003795032910589935,0.9753820936107688,1,0,0,24.230000000010477,132.09000000001106
2025-07-11 12:15:00,118235.02,118235.02,118235.01,118235.01,0.35747,77.81270259711772,100.13037600851385,77.64184178460145,22.488534223912396,117863.9942,118038.62393945227,38.05594829296655,-0.010000000009313226,0.0,0.0,0.0,0.0007604204217572796,0.0004004290179885259,0.024107453679119654,1,0,0,0.010000000009313226,89.83999999999651
2025-07-11 12:15:00,118235.02,118235.02,118200.0,118200.0,5.83246,72.14129675632083,97.33755549570196,77.08327768203908,20.25427781366288,117863.29400000001,118035.44121217955,40.55666257868046,-35.020000000004075,0.0,0.0,-0.0002961051891482436,0.0004640900681762705,0.00047357218889231456,0.3793298942688306,1,0,0,35.020000000004075,54.830000000001746
2025-07-11 14:28:00,118010.01,118010.95,117963.72,118000.0,7.56835,55.52152025207922,21.845274432533188,12.646365817556852,9.198908614976336,117838.914,117910.924634263,112.9823793364653,-10.009999999994761,0.9400000000023283,36.279999999998836,-8.490804424921006e-05,0.0005799972187268132,0.0002836455718920571,0.2988926673068919,1,0,0,47.229999999995925,68.39999999999418
2025-07-11 14:29:00,117993.06,117993.06,117993.05,117993.06,0.00684,55.124836591344895,25.254892245779047,15.07816901502464,10.176723230754407,117845.9472,117917.81725573938,104.91718079775578,0.0,0.0,0.00999999999476131,8.475075441438662e-08,0.0004933230949146772,0.0003134508107497864,0.0002919015748858127,1,0,0,0.00999999999476131,58.179999999993015
2025-07-11 14:29:00,117993.06,118002.33,117983.63,117990.0,2.10066,54.93863064625899,25.010789681677124,15.029348502204256,9.981441179472869,117845.886,117917.5390739212,106.25218079775594,-3.0599999999976717,9.270000000004075,6.369999999995343,-2.584898008828329e-05,0.0004673765725626833,0.0003171836625751558,0.08885312193949581,1,0,0,18.69999999999709,55.11999999999534
2025-07-11 14:29:00,117993.06,118007.76,117983.63,118007.75,3.46588,55.84372869787253,26.42674409764004,15.312539385396839,11.1142047122432,117846.241,117919.15271028485,106.64003794061259,14.690000000002328,0.00999999999476131,9.429999999993015,0.00012458360894984644,0.0006178833607155543,0.00030115792709768506,0.14575712640768154,1,0,0,24.129999999990105,72.86999999999534
2025-07-11 14:29:00,117993.06,118007.76,117961.83,117972.91,5.62113,53.920773225733925,23.64748483838048,14.756687533544927,8.890797304835552,117845.5442,117915.98543755757,108.19718079775565,-20.14999999999418,14.69999999999709,11.080000000001746,-0.00017068801933672884,0.00032246609315245145,0.0003445283224061518,0.23427246453642442,1,0,0,45.929999999993015,38.029999999998836
2025-07-11 14:29:00,117993.06,118007.76,117961.83,117968.0,6.35406,53.635277848219815,23.255803926702356,14.678351351209301,8.577452575493055,117845.446,117915.5390739212,108.19718079775565,-25.05999999999767,14.69999999999709,6.169999999998254,-0.00021230063974109203,0.00028083294780989476,0.0003541892829587975,0.264012407219462,1,0,0,45.929999999993015,33.11999999999534
2025-07-11 14:29:00,117993.06,118007.76,117940.01,117940.01,7.58987,52.063828185953895,21.02298341387359,14.231787248643549,6.7911961652300405,117844.8862,117912.99452846666,109.75575222632757,-53.05000000000291,14.69999999999709,0.0,-0.00044951800127213115,4.349858159002906e-05,0.00042090313549389863,0.3137495034798061,1,0,0,67.75,5.129999999990105
2025-07-11 14:30:00,117925.27,117925.27,117892.9,117892.9,1.39487,49.493997583986996,15.9067361135385,14.376500312620788,1.530235800917712,117850.73980000001,117909.94984055213,105.29076611190287,-32.370000000009895,0.0,0.0,-0.00027449587353078897,-0.0009924580980497089,0.00045034122505550027,0.06421759224197603,0,0,0,32.370000000009895,-117.1200000000099
2025-07-11 14:30:00,117925.27,117925.27,117847.84,117861.99,3.09761,47.90709851834155,13.440981127801933,13.883349315473474,-0.4423681876715406,117850.1216,117907.13984055213,108.50933754047414,-63.279999999998836,0.0,14.150000000008731,-0.0005366110249312994,-0.0012543850090017683,0.0004938935920205089,0.14149979153789577,0,0,0,77.43000000000757,-148.02999999999884
2025-07-11 14:30:00,117925.27,117925.27,117847.84,117858.69,3.42577,47.74367012647637,13.177733264543349,13.830699742821757,-0.6529664782784081,117850.0556,117906.83984055213,108.50933754047414,-66.58000000000175,0.0,10.85000000000582,-0.0005645948489242381,-0.001282348736149741,0.0004999449194070826,0.15625600794742406,0,0,0,77.43000000000757,-151.33000000000175
2025-07-11 14:30:00,117925.27,117925.27,117847.84,117900.0,5.52962,49.87346837359496,16.473117879926576,14.489776665898404,1.9833412140281723,117850.8818,117910.59529509759,108.50933754047414,-25.270000000004075,0.0,52.16000000000349,-0.00021428825221259107,-0.0009322937153980471,0.000444119811992691,0.24981939933506428,0,0,0,77.43000000000757,-110.02000000000407
2025-07-11 14:30:00,117925.27,117925.27,117847.84,117906.0,6.73454,50.19871388392884,16.951750358566642,14.585503161626416,2.3662471969402255,117851.0018,117911.14074964305,108.50933754047414,-19.270000000004075,0.0,58.16000000000349,-0.00016340857222552074,-0.0008814505751291168,0.00044007972800317566,0.3026084699672819,0,0,0,77.43000000000757,-104.02000000000407
2025-07-11 14:31:00,117858.69,117858.69,117858.68,117858.68,0.00439,47.73916552038072,7.754129877648666,12.554127835915677,-4.799997958267012,117857.59980000001,117902.46852931529,100.76488515151172,-0.010000000009313226,0.0,0.0,0.0,-0.0011387958867069559,0.0004980088291063198,0.00028626048151882117,0,0,0,0.010000000009313226,-134.3700000000099
2025-07-11 14:31:00,117858.69,117858.69,117858.68,117858.68,0.34223,47.73916552038072,7.754129877648666,12.554127835915677,-4.799997958267012,117857.59980000001,117902.46852931529,100.76488515151172,-0.010000000009313226,0.0,0.0,0.0,-0.0011387958867069559,0.0004980088291063198,0.02226687496710198,0,0,0,0.010000000009313226,-134.3700000000099
2025-07-11 14:31:00,117858.69,117886.99,117858.68,117886.98,0.75552,49.33547694016032,10.011679735209327,13.00563780742781,-2.993958072218483,117858.1658,117905.04125658801,102.78631372294049,28.289999999993597,0.010000000009313226,0.010000000009313226,0.0002401180803992542,-0.0008989512517898479,0.0005244527872243168,0.04902537156419435,0,0,0,28.310000000012224,-106.07000000000698
2025-07-11 14:31:00,117858.69,117914.18,117858.68,117914.17,1.60207,50.77993919691381,12.180682584206806,13.439438377227306,-1.2587557930204998,117858.7096,117907.51307476983,104.72845658008248,55.479999999995925,0.00999999999476131,0.010000000009313226,0.00047081810181492934,-0.0006685139506098503,0.0005681124087907444,0.10338969804751086,1,0,0,55.5,-78.88000000000466
2025-07-11 14:31:00,117858.69,117968.08,117858.68,117968.08,4.75931,53.41338003335683,16.481195404718164,14.299540941329578,2.181654463388586,117859.7878,117912.41398386074,108.5784565800831,109.38999999999942,0.0,0.010000000009313226,0.0009282303178688167,-0.00021162263370599899,0.0006930218724028721,0.30100925453041916,1,0,1,109.40000000000873,-24.970000000001164
2025-07-11 14:31:00,117858.69,117968.08,117858.68,117962.05,5.95409,53.132902903344736,16.000169763705344,14.203335813127014,1.7968339505783302,117859.66720000001,117911.86580204255,108.5784565800831,103.36000000000058,6.029999999998836,0.010000000009313226,0.0008770673487943359,-0.0002627273386017759,0.0006771280401643977,0.37375052987470125,1,0,1,109.40000000000873,-31.0
2025-07-11 14:32:00,117993.05,118000.0,117993.05,117999.99,1.05295,54.86878605652572,23.03172916523181,16.397589638173663,6.634139527058146,117866.65220000001,117922.43409830614,102.97101695649904,6.940000000002328,0.00999999999476131,0.0,5.8901779291575806e-05,0.0006336216147735385,0.0007019977193956865,0.0801588575823108,1,0,0,6.94999999999709,74.72000000000116
2025-07-11 14:32:00,117993.05,118020.0,117993.05,118020.0,2.22945,55.784937021057615,24.62796848147991,16.716837501423285,7.911130980056626,117867.0524,117924.25318921523,104.39958838507047,26.94999999999709,0.0,0.0,0.00022848805319375387,0.0008033053475307028,0.0007106137259916554,0.1682166918010198,1,0,0,26.94999999999709,94.72999999999593
2025-07-11 14:32:00,117993.05,118032.05,117993.05,118032.05,3.49573,56.31891506820084,25.589222042719484,16.9090882136712,8.680133829048284,117867.2934,117925.34864376069,105.26030267078497,39.0,0.0,0.0,0.00033061272088596994,0.0009054887048383087,0.0007196186143934566,0.2612639740497601,1,0,0,39.0,106.77999999999884
2025-07-11 14:32:00,117993.05,118032.05,117993.05,118005.43,6.1629,55.12159128732067,23.46568927919725,16.484381660966754,6.981307618230495,117866.761,117922.92864376068,105.26030267078497,12.379999999990105,26.620000000009895,0.0,0.0001050061935856661,0.0006797525246284852,0.0007035417988636447,0.45160083846848625,1,0,0,39.0,80.15999999998894
2025-07-11 14:32:00,117993.05,118032.05,117951.21,117951.21,9.00761,52.26152175237472,19.140447113953996,15.619333227918103,3.5211138860358933,117865.6766,117917.9995528516,108.2481598136412,-41.83999999999651,39.0,0.0,-0.0003545124356486573,0.00021996981647776082,0.0007150765920747389,0.6465755387327935,1,0,0,80.83999999999651,25.94000000000233
2025-07-11 14:32:00,117993.05,118032.05,117951.21,117951.21,9.4899,52.26152175237472,19.140447113953996,15.619333227918103,3.5211138860358933,117865.6766,117917.9995528516,108.2481598136412,-41.83999999999651,39.0,0.0,-0.0003545124356486573,0.00021996981647776082,0.0007150765920747389,0.6788447014432434,1,0,0,80.83999999999651,25.94000000000233
2025-07-11 14:33:00,117957.61,117985.84,117957.6,117985.83,0.43178,54.00454394136894,22.586856243549846,17.103641520103416,5.48321472344643,117872.80679999999,117924.69373694499,102.53379546931838,28.220000000001164,0.00999999999476131,0.00999999999476131,0.0002392384857576868,0.0010788344142325101,0.0007237301505933539,0.0344982835949388,1,0,0,28.239999999990687,127.15000000000873
2025-07-11 14:33:00,117957.61,117985.84,117957.6,117985.84,1.03,54.0050273898291,22.587653964350466,17.10380106426354,5.4838529000869265,117872.80699999999,117924.6946460359,102.53379546931838,28.229999999995925,0.0,0.00999999999476131,0.0002393232619752883,0.0010789192616105225,0.0007237375097805111,0.08190329256802366,1,0,0,28.239999999990687,127.16000000000349
2025-07-11 14:33:00,117957.61,118006.15,117957.6,118006.14,2.25457,54.96591508599209,24.207027183729224,17.42767570813929,6.779351475589934,117873.21299999999,117926.54010058136,103.98450975503249,48.529999999998836,0.00999999999476131,0.00999999999476131,0.000411418983480516,0.0012511594394235548,0.0007425269185882018,0.17754946660425394,1,0,0,48.54999999998836,147.4600000000064
2025-07-11 14:33:00,117957.61,118033.16,117957.6,118033.16,3.26266,56.18429130935314,26.362468779159826,17.858764027225412,8.503704751934414,117873.7534,117928.99646421772,105.91379546931887,75.55000000000291,0.0,0.00999999999476131,0.0006404843231395674,0.0014804170554092444,0.000778713660835704,0.25491377383346436,1,0,0,75.55999999999767,174.48000000001048
2025-07-11 14:33:00,117957.61,118064.51,117957.6,118064.51,5.18676,57.51781018776872,28.863323480036343,18.358934967400714,10.504388512635629,117874.3804,117931.84646421771,108.15308118360396,106.89999999999418,0.0,0.00999999999476131,0.000906257764971663,0.0017464135861695596,0.0008346067097274807,0.39924310411675096,1,0,0,106.90999999998894,205.83000000000175
2025-07-11 14:33:00,117957.61,118080.0,117957.6,118024.01,8.55071,55.779153407245225,25.632554249255918,17.71278112124463,7.91977312801129,117873.5704,117928.1646460359,109.25950975503291,66.39999999999418,55.99000000000524,0.00999999999476131,0.0005629140841356683,0.0014027817043258395,0.0007651163737266202,0.6415657466252318,1,0,0,122.39999999999418,165.33000000000175
2025-07-11 14:34:00,118033.98,118067.16,118033.98,118067.16,1.30978,57.730702512730865,34.06887206250394,21.100263898979026,12.968608163524916,117886.0932,117941.62677758384,103.82977025236588,33.18000000000757,0.0,0.0,0.0002810207466510395,0.0006281726447594504,0.0006923101291138346,0.11377506262371316,1,0,0,33.18000000000757,74.1200000000099
2025-07-11 14:34:00,118033.98,118076.78,118033.98,118076.78,1.82163,58.1495059736324,34.836279469906,21.25374538045944,13.582534089446565,117886.28559999999,117942.50132303838,104.51691310950841,42.80000000000291,0.0,0.0,0.0003625226936749826,0.0007097028773901393,0.0006944523950067738,0.15753686826083926,1,0,0,42.80000000000291,83.74000000000524
2025-07-11 14:34:00,118033.98,118091.0,118033.98,118091.0,3.46182,58.7535880243779,35.97063844426884,21.480617175332007,14.490021268936836,117886.57,117943.7940503111,105.53262739522278,57.020000000004075,0.0,0.0,0.00048299646567895316,0.0008302184603430351,0.0007010863384140163,0.29519535623839827,1,0,0,57.020000000004075,97.9600000000064
2025-07-11 14:34:00,118033.98,118100.0,118033.98,118077.51,6.92586,58.180947759533545,34.894513088147505,21.26539210410774,13.629120984039766,117886.3002,117942.56768667474,106.17548453807991,43.529999999998836,22.49000000000524,0.0,0.0003687073528564344,0.0007158896829846384,0.0006946927574686535,0.5736356971947356,1,0,0,66.02000000000407,84.47000000000116
2025-07-11 14:34:00,118033.98,118100.0,118033.98,118077.52,7.68474,58.18137814091361,34.89531080893357,21.265551648264953,13.62975916066862,117886.3004,117942.56859576565,106.17548453807991,43.54000000000815,22.479999999995925,0.0,0.00036879207421525173,0.0007159744337463803,0.0006946961259856579,0.6325144497608916,1,0,0,66.02000000000407,84.48000000001048
2025-07-11 14:34:00,118033.98,118100.0,118033.98,118082.45,9.08653,58.39248289177211,35.288587162212934,21.344206918920825,13.944380243292109,117886.39899999999,117943.01677758383,106.17548453807991,48.470000000001164,17.55000000000291,0.0,0.0004105597040309217,0.0007577565592005175,0.0006966058074236982,0.7393621384041645,1,0,0,66.02000000000407,89.41000000000349
2025-07-11 14:35:00,118082.45,118092.39,118057.33,118057.34,2.25925,56.81889483088304,39.82774692463863,25.035146420076856,14.792600504561776,117899.689,117953.41052273496,101.1018465789133,-25.110000000000582,9.940000000002328,0.00999999999476131,-0.00021264802686593587,0.0008454732170311008,0.0006030934222934096,0.1932237208683757,1,0,0,35.05999999999767,99.72999999999593
2025-07-11 14:35:00,118082.45,118092.39,118057.33,118080.0,4.4868,58.234851983738984,41.63538225226512,25.396673485602154,16.238708766662963,117900.1422,117955.47052273496,101.1018465789133,-2.4499999999970896,9.940000000002328,22.669999999998254,-2.0748214489052508e-05,0.0010375761258643035,0.0005642205663918276,0.37656229542868075,1,0,0,35.05999999999767,122.38999999999942
2025-07-11 14:35:00,118082.45,118100.0,118057.33,118099.99,5.14485,59.18168744574407,43.23002612692653,25.71560226053444,17.514423866392093,117900.54199999999,117957.28779546224,101.64541800748476,17.54000000000815,0.00999999999476131,25.119999999995343,0.00014854027842425843,0.0012070437846274373,0.0005390210755312932,0.42941866535792395,1,0,0,42.669999999998254,142.38000000000466
2025-07-11 14:35:00,118082.45,118132.03,118057.33,118101.32,9.06606,59.24033252457738,43.33612299300148,25.73682163374943,17.599301359252053,117900.5686,117957.40870455315,103.93327515034183,18.870000000009895,30.70999999999185,25.119999999995343,0.00015980359486111873,0.00121831902155356,0.0005376808927785802,0.7327242371062482,1,0,0,74.69999999999709,143.7100000000064
2025-07-11 14:35:00,118082.45,118132.03,118057.33,118127.02,12.73851,60.34135425331859,45.386265443157754,26.14685012378068,19.239415319377073,117901.0826,117959.74506818951,103.93327515034183,44.570000000006985,5.009999999994761,25.119999999995343,0.0003774481305223176,0.0014361939005038682,0.0005207511438464483,0.9998570680777445,1,0,0,74.69999999999709,169.4100000000035
2025-07-11 14:36:00,118131.98,118142.41,118131.98,118142.4,0.22954,61.00258096677737,54.28542101493804,31.79766689566678,22.48775411927126,117915.4792,117976.76587450737,97.26171222896231,10.419999999998254,0.010000000009313226,0.0,8.812176955608209e-05,0.000918464249153983,0.00036793376166011825,0.023457371740172362,1,0,0,10.430000000007567,108.40999999998894
2025-07-11 14:36:00,118131.98,118153.83,118131.98,118142.62,2.6111,61.01212796882015,54.30297087249346,31.801176867177865,22.501794005315595,117915.4836,117976.78587450736,98.07742651467647,10.639999999999418,11.210000000006403,0.0,8.998409321625545e-05,0.0009203281190441892,0.00036772589141194844,0.260496114855731,1,0,0,21.85000000000582,108.6299999999901
2025-07-11 14:36:00,118131.98,118153.83,118120.44,118120.44,5.68638,59.76805723759041,52.533626143136644,31.447307921306503,21.08631822183014,117915.04,117974.769510871,98.90171222896173,-11.539999999993597,21.85000000000582,0.0,-9.777199215899035e-05,0.000732416145552639,0.00039701405702854156,0.5504141187758045,1,0,0,33.38999999999942,86.44999999999709
2025-07-11 14:36:00,118131.98,118153.83,118108.21,118108.22,8.54288,58.96703498254027,51.55881132831564,31.2523449583423,20.306466369973343,117914.79560000001,117973.6586017801,99.77528365753287,-23.75999999999476,21.85000000000582,0.00999999999476131,-0.00020121560637387237,0.0006288866452790476,0.00041950533279262807,0.8046610147141157,1,0,0,45.61999999999534,74.22999999999593
2025-07-11 14:36:00,118131.98,118153.83,118108.21,118108.22,11.25539,58.96703498254027,51.55881132831564,31.2523449583423,20.306466369973343,117914.79560000001,117973.6586017801,99.77528365753287,-23.75999999999476,21.85000000000582,0.00999999999476131,-0.00020121560637387237,0.0006288866452790476,0.00041950533279262807,1.0337431271781443,1,0,0,45.61999999999534,74.22999999999593
2025-07-11 14:36:00,118131.98,118153.83,118108.21,118116.43,12.16091,59.50281300115471,52.21374010325235,31.38333071332964,20.830409389922707,117914.95980000001,117974.40496541646,99.77528365753287,-15.55000000000291,21.85000000000582,8.219999999986612,-0.00013171707341941286,0.0006984428807328413,0.0004039488539395651,1.1076975851175934,1,0,0,45.61999999999534,82.43999999998778
2025-07-11 14:37:00,118124.44,118124.45,118124.44,118124.45,0.21025,60.0348750086763,57.80619687822764,36.755474181783896,21.050722696443742,117927.855,117988.71009215689,92.65015764465595,0.00999999999476131,0.0,0.0,0.0,0.00035568367695626435,0.0003033838000944554,0.022447414063238184,1,0,0,0.00999999999476131,42.0
2025-07-11 14:37:00,118124.44,118124.45,118124.44,118124.45,0.3718,60.0348750086763,57.80619687822764,36.755474181783896,21.050722696443742,117927.855,117988.71009215689,92.65015764465595,0.00999999999476131,0.0,0.0,0.0,0.00035568367695626435,0.0003033838000944554,0.039627007329610796,1,0,0,0.00999999999476131,42.0
2025-07-11 14:37:00,118124.44,118124.45,118122.32,118122.33,1.48063,59.882212830288545,57.63708006909292,36.72165081995695,20.91542924913597,117927.81260000002,117988.51736488416,92.80158621608419,-2.110000000000582,0.00999999999476131,0.00999999999476131,-1.7947173510557413e-05,0.0003377301199289917,0.0003076418460489775,0.15596458708617053,1,0,0,2.1299999999901047,39.88000000000466
2025-07-11 14:37:00,118124.44,118141.7,118122.32,118141.7,2.74714,60.84705317045779,59.18226525429054,37.03068785699647,22.15157739729407,117928.2,117990.27827397507,94.03372907322705,17.25999999999476,0.0,2.1199999999953434,0.00014603242597099886,0.0005017680442775951,0.00027506525123386055,0.2855647761377726,1,0,0,19.379999999990105,59.25
2025-07-11 14:37:00,118124.44,118158.35,118122.32,118158.35,5.53317,61.60027582801568,60.510470382490894,37.296328882636544,23.21414149985435,117928.53300000001,117991.79191033871,95.22301478751339,33.91000000000349,0.0,2.1199999999953434,0.0002869854632128188,0.0006427712162138111,0.0002606532515016323,0.558983584289013,1,0,0,36.029999999998836,75.90000000000873
2025-07-11 14:37:00,118124.44,118158.35,118122.32,118132.84,7.75987,60.43406636851553,58.47548462750274,36.88933173163891,21.586152895863826,117928.0228,117989.47281942962,95.22301478751339,8.39999999999418,25.510000000009313,2.1199999999953434,7.102678573311927e-05,0.0004267357257576876,0.0002881128053888139,0.7666873129007082,1,0,0,36.029999999998836,50.38999999999942
2025-07-11 14:38:00,118127.56,118127.56,118104.06,118104.07,3.46915,58.41521640289694,59.62032623626874,41.38965402872592,18.230672207542817,117937.464,117999.45167750109,90.10501273791074,-23.489999999990687,0.0,0.010000000009313226,-0.00019885283332687909,-0.00023634580269071837,0.0002821230345149379,0.3682453934694837,1,0,0,23.5,-27.919999999998254
2025-07-11 14:38:00,118127.56,118127.56,118104.06,118104.06,4.46567,58.414484879343334,59.61952851546812,41.3894944845658,18.230034030902317,117937.46380000001,117999.45076841017,90.10501273791074,-23.5,0.0,0.0,-0.00019893748757693341,-0.00023643045376620098,0.00028214686107388184,0.46906288049839884,1,0,0,23.5,-27.930000000007567
2025-07-11 14:38:00,118127.56,118127.56,118064.95,118064.96,5.75499,55.68777490685146,56.50044019638153,40.76567682074848,15.734763375633051,117936.68179999999,117995.89622295562,92.89858416648221,-62.59999999999127,0.0,0.010000000009313226,-0.0005299356052049786,-0.0005674161588237192,0.00039254659706985056,0.5964128116534396,1,0,0,62.61000000000058,-67.02999999999884
2025-07-11 14:38:00,118127.56,118127.56,118043.3,118043.3,6.8825,54.28408047936158,54.772576948525966,40.42010417117737,14.352472777348595,117936.24859999999,117993.92713204653,94.44501273791036,-84.25999999999476,0.0,0.0,-0.0007132967107760235,-0.0007507703882749794,0.00046283700343575685,0.7050231349000947,1,0,0,84.25999999999476,-88.69000000000233
2025-07-11 14:38:00,118127.56,118127.56,118033.15,118033.15,7.52734,53.65036692393161,53.96289033883659,40.258166849239494,13.704723489597093,117936.04560000001,117993.0044047738,95.17001273791098,-94.41000000000349,0.0,0.0,-0.000799220774559295,-0.0008366912298692908,0.0004970118191933093,0.7660186789395084,1,0,0,94.41000000000349,-98.84000000001106
2025-07-11 14:38:00,118127.56,118127.56,118033.15,118033.15,8.03187,53.65036692393161,53.96289033883659,40.258166849239494,13.704723489597093,117936.04560000001,117993.0044047738,95.17001273791098,-94.41000000000349,0.0,0.0,-0.000799220774559295,-0.0008366912298692908,0.0004970118191933093,0.8131869222199228,1,0,0,94.41000000000349,-98.84000000001106
2025-07-11 14:39:00,118033.15,118033.16,118033.15,118033.15,0.37353,53.651530292767575,50.14142110531975,42.251101829328775,7.890319275990976,117942.0766,117996.65280039737,88.37775168641022,0.0,0.010000000009313226,0.0,-8.472195445197173e-08,-0.0007729136516614332,0.00044288514102648277,0.040996381193797754,1,0,0,0.010000000009313226,-91.30000000000291
2025-07-11 14:39:00,118033.15,118033.16,117980.0,117980.01,2.9081,50.338178020777264,45.90233278625237,41.4032841655153,4.499048620737071,117941.01380000002,117991.82189130646,92.17418025783839,-53.13999999999942,0.010000000009313226,0.00999999999476131,-0.0004502971876717554,-0.0012227781801312787,0.0004668217097882426,0.31053688678682156,0,0,0,53.16000000000349,-144.44000000000233
2025-07-11 14:39:00,118033.15,118033.16,117975.88,117975.88,6.92631,50.09772402640842,45.572874096775195,41.33739242761987,4.235481669155327,117940.9312,117991.446436761,92.46846597212377,-57.26999999998952,0.010000000009313226,0.0,-0.00048528735484165697,-0.001257741305885407,0.00047223969497597407,0.7091855175358391,0,0,0,57.279999999998836,-148.56999999999243
2025-07-11 14:39:00,118033.15,118033.16,117975.88,117975.89,8.27007,50.09830346507238,45.573671817575814,41.33755197177999,4.236119845795827,117940.9314,117991.44734585192,92.46846597212377,-57.25999999999476,0.010000000009313226,0.00999999999476131,-0.000485202632887316,-0.00125765664940658,0.0004722260252049393,0.8352807903406402,0,0,0,57.279999999998836,-148.55999999999767
2025-07-11 14:39:00,118033.15,118033.16,117975.88,117983.49,10.57131,50.54258732608789,46.1799396238639,41.458805533037605,4.721134090826297,117941.0834,117992.13825494282,92.46846597212377,-49.65999999998894,0.010000000009313226,7.610000000000582,-0.0004208139475381234,-0.0011933177255004646,0.0004626182135954523,1.0434544426205723,0,0,0,57.279999999998836,-140.95999999999185
2025-07-11 14:40:00,117994.59,117994.59,117994.58,117994.58,0.00502,51.20656939652634,41.126742638021824,41.55236025081544,-0.42561761279361576,117947.12060000001,117993.27444584547,85.85796560936016,-0.00999999999476131,0.0,0.0,0.0,-0.001125732216935571,0.0003462219215988788,0.0005439965322930212,1,0,0,0.00999999999476131,-132.97999999999593
2025-07-11 14:40:00,117994.59,118016.68,117974.09,117974.09,3.69276,49.90472100530294,39.4922127234895,41.22545426790897,-1.7332415444194709,117946.7108,117991.41171857274,88.89939418078886,-20.5,22.089999999996508,0.0,-0.000173652044017647,-0.001299188775252813,0.0003251097448318402,0.3847918060798347,0,0,0,42.58999999999651,-153.47000000000116
2025-07-11 14:40:00,117994.59,118016.68,117872.0,117872.0,10.10509,44.29397474391361,31.348281099562882,39.59666794312365,-8.248386843560766,117944.66900000001,117982.13080948184,96.19153703793147,-122.58999999999651,22.089999999996508,0.0,-0.0010388612765095395,-0.0021634240138371785,0.00046351426476738943,0.9870172974095447,0,0,0,144.67999999999302,-255.55999999999767
2025-07-11 14:40:00,117994.59,118016.68,117860.69,117878.01,13.48413,44.58909493411429,31.827711298989016,39.69255398300888,-7.864842684019862,117944.7892,117982.6771731182,96.99939418078846,-116.58000000000175,22.089999999996508,17.319999999992433,-0.0009879267335839437,-0.002112546809567628,0.00044735328727069687,1.274985199856542,0,0,0,155.9899999999907,-249.5500000000029
2025-07-11 14:40:00,117994.59,118016.68,117860.69,117860.7,14.32378,43.749537653725206,30.446856598136947,39.41638304283846,-8.969526444701515,117944.44300000001,117981.10353675456,96.99939418078846,-133.88999999999942,22.089999999996508,0.00999999999476131,-0.0011346283871683793,-0.002259083316374255,0.0004953108219747768,1.3437098142605035,0,0,0,155.9899999999907,-266.8600000000006
2025-07-11 14:40:00,117994.59,118016.68,117860.69,117860.7,14.57558,43.749537653725206,30.446856598136947,39.41638304283846,-8.969526444701515,117944.44300000001,117981.10353675456,96.99939418078846,-133.88999999999942,22.089999999996508,0.00999999999476131,-0.0011346283871683793,-0.002259083316374255,0.0004953108219747768,1.3641089012542378,0,0,0,155.9899999999907,-266.8600000000006
2025-07-11 14:41:00,117822.97,117836.95,117822.97,117836.95,2.16977,42.916988367869756,12.786672952366644,33.5289193245562,-20.742246372189555,117946.0232,117964.89053613337,93.57406342829775,13.979999999995925,0.0,0.0,0.00011865258531496004,-0.0016623294674141809,0.0006498531816857905,0.2122737149793178,0,0,0,13.979999999995925,-196.2100000000064
2025-07-11 14:41:00,117822.97,117871.69,117822.97,117871.69,3.9506,45.03262612641113,15.557955003649113,34.08317573481269,-18.52522073116358,117946.71800000001,117968.04871795156,96.05549199972668,48.720000000001164,0.0,0.0,0.0004135017136301933,-0.0013680053978051276,0.0007273212950762518,0.3798781689768406,0,0,0,48.720000000001164,-161.47000000000116
2025-07-11 14:41:00,117822.97,117871.69,117822.97,117854.0,7.22188,43.97529249055212,14.146786912489915,33.80094211658085,-19.654155204090934,117946.3642,117966.44053613338,96.05549199972668,31.029999999998836,17.69000000000233,0.0,0.00026336121046677263,-0.0015178785351506185,0.0006858022029812593,0.6732571514018468,0,0,0,48.720000000001164,-179.1600000000035
2025-07-11 14:41:00,117822.97,117871.69,117822.97,117854.01,7.52885,43.97590168242657,14.147584633275983,33.80110166073806,-19.65351702746208,117946.36439999999,117966.44144522429,96.05549199972668,31.039999999993597,17.680000000007567,0.0,0.0002634460835606589,-0.0015177938131962776,0.0006858245264017709,0.6998714847117935,0,0,0,48.720000000001164,-179.15000000000873
2025-07-11 14:41:00,117822.97,117871.69,117822.58,117822.59,12.82283,42.0009788590394,11.641145886838785,33.29981391145063,-21.658668024611842,117945.73599999999,117963.58508158792,96.08334914258378,-0.3800000000046566,48.720000000001164,0.00999999999476131,-3.225177569454729e-06,-0.0017839901939421532,0.0006231912314776981,1.136083483884332,0,0,0,49.11000000000058,-210.57000000000698
2025-07-11 14:41:00,117822.97,117871.69,117822.58,117848.49,13.98237,43.63760086029523,13.707242752949242,33.71303328467272,-20.005790531723477,117946.254,117965.93962704248,96.08334914258378,25.520000000004075,23.19999999999709,0.3899999999994179,0.00021659613571101133,-0.001564560332028675,0.0006737147469974191,1.2262196032615422,0,0,0,49.11000000000058,-184.66999999999825
2025-07-11 14:42:00,117848.48,117848.49,117839.73,117839.74,0.83868,43.189040107139505,2.1148211278778035,27.350234676594116,-25.235413548716313,117948.10339999999,117954.47151482584,89.83861212194294,-8.739999999990687,0.010000000009313226,0.010000000009313226,-7.416302696472421e-05,-0.0013122636649920416,0.0006565585324465686,0.08008656086432525,0,0,0,8.760000000009313,-154.8399999999965
2025-07-11 14:42:00,117848.48,117892.0,117839.73,117891.99,2.01839,46.382293109600525,6.282912295951974,28.183852910208948,-21.900940614256974,117949.1484,117959.22151482584,92.94646926479972,43.51000000000931,0.00999999999476131,8.75,0.00036920289510744553,-0.0008694467152643437,0.0007496914135165968,0.1905914369403993,0,0,0,52.270000000004075,-102.58999999999651
2025-07-11 14:42:00,117848.48,117892.0,117839.73,117888.0,2.33199,46.14145786810455,5.964621697683469,28.12019479055525,-22.15557309287178,117949.06860000001,117958.85878755311,92.94646926479972,39.520000000004075,4.0,8.75,0.0003353458610582116,-0.0009032618277891036,0.0007411228394663438,0.21955373534811468,0,0,0,52.270000000004075,-106.58000000000175
2025-07-11 14:42:00,117848.48,117896.0,117839.73,117895.99,4.33785,46.621579642559816,6.602000615050201,28.247670574028593,-21.64566995897839,117949.22839999999,117959.58515118947,93.23218355051401,47.51000000000931,0.00999999999476131,8.75,0.0004031447838785951,-0.0008355468530842902,0.000758487724318036,0.4008330741411592,0,0,0,56.270000000004075,-98.58999999999651
2025-07-11 14:42:00,117848.48,117919.21,117839.73,117902.3,7.35288,46.9947424382165,7.10536243840761,28.348342938700075,-21.242980500292465,117949.3546,117960.15878755311,94.8900406933716,53.820000000006985,16.910000000003492,8.75,0.000456688113414927,-0.0007820698204951126,0.0007727666164767216,0.6610168714432006,0,0,0,79.48000000001048,-92.27999999999884
2025-07-11 14:42:00,117848.48,117932.08,117839.73,117932.07,9.73721,48.687162357406294,9.480177253237343,28.82330590166602,-19.343128648428678,117949.95,117962.86515118947,95.80932640765698,83.59000000001106,0.00999999999476131,8.75,0.0007093006205936003,-0.0005297700962196839,0.000846044472174864,0.8569962283121789,0,0,0,92.35000000000582,-62.50999999999476
2025-07-11 14:43:00,117939.99,117946.98,117939.99,117946.98,0.56987,49.52620906484579,7.801982033677632,24.764138762456586,-16.962156728778954,117952.648,117962.07090344229,89.9903816080748,6.989999999990687,0.0,0.0,5.9182635238297365e-05,0.0010525112378341195,0.000832057374829153,0.05366578047703941,0,0,0,6.989999999990687,124.00999999999476
2025-07-11 14:43:00,117939.99,117968.01,117939.99,117968.0,3.39052,50.70362789104992,9.47879115048272,25.0995005858176,-15.62070943533488,117953.0684,117963.9818125332,91.49252446521757,28.00999999999476,0.00999999999476131,0.0,0.00023740885195855377,0.001230914481276324,0.0008467221216364633,0.31103017208797484,1,0,0,28.019999999989523,145.02999999999884
2025-07-11 14:43:00,117939.99,117989.54,117939.99,117989.54,4.88027,51.854517274474894,11.197081748774508,25.44315870547596,-14.246076956701451,117953.4992,117965.93999435139,93.03038160807463,49.54999999998836,0.0,0.0,0.0004200440902153435,0.0014137311256030571,0.0008691072783791147,0.4416569509021385,1,0,0,49.54999999998836,166.56999999999243
2025-07-11 14:43:00,117939.99,117989.54,117939.99,117951.22,8.69239,49.76821597349813,8.140215651903418,24.83178548610174,-16.691569834198322,117952.73280000001,117962.45635798774,93.03038160807463,11.229999999995925,38.31999999999243,0.0,9.51331185348181e-05,0.001088497429660773,0.0008344234162679132,0.7604143529905154,0,0,0,49.54999999998836,128.25
2025-07-11 14:43:00,117939.99,117998.17,117939.99,117998.17,9.55165,52.300682671423196,11.88551479720627,25.58084531516231,-13.695330517956041,117953.6718,117966.72453980593,93.64681017950353,58.179999999993015,0.0,0.0,0.0004932168899440814,0.0014869766056653244,0.0008800452872219995,0.8293487333430639,1,0,0,58.179999999993015,175.1999999999971
2025-07-11 14:43:00,117939.99,118007.92,117939.99,118007.91,13.18968,52.79440410892857,12.662494854186662,25.736241326558392,-13.073746472371731,117953.86660000001,117967.60999435138,94.3432387509321,67.91999999999825,0.00999999999476131,0.0,0.00057580125487533,0.001569642999153853,0.0008936696176140888,1.1101628065057958,1,0,0,67.92999999999302,184.94000000000233
2025-07-11 14:44:00,118007.92,118060.0,118007.92,118049.01,5.59814,54.91808634597895,17.801531306293327,24.194741172182333,-6.3932098658890055,117960.02979999999,117975.00512635378,91.32094967242836,41.08999999999651,10.990000000005239,0.0,0.00034819696847465664,0.0017015917388158996,0.0008909638816103614,0.4853863602213716,1,0,0,52.080000000001746,200.52999999999884
2025-07-11 14:44:00,118007.92,118060.0,118007.92,118046.41,6.0032,54.789596161117395,17.594123898888938,24.153259690701454,-6.5591357918125155,117959.9778,117974.76876271742,91.32094967242836,38.49000000000524,13.589999999996508,0.0,0.0003261645489558429,0.001679529511114719,0.0008894366555476485,0.5186854013889038,1,0,0,52.080000000001746,197.93000000000757
2025-07-11 15:23:00,117821.96,117821.96,117707.71,117707.71,2.55241,45.88652866472355,-15.066510425429442,-21.28699329076699,6.220482865337548,117832.865,117768.6219782353,103.84991190646336,-114.25,0.0,0.0,-0.0009778233301296346,-0.00018347172849297877,0.0007281630082769921,0.1970372732013298,0,0,0,114.25,-21.59999999999127
2025-07-11 15:23:00,117821.96,117821.96,117707.71,117732.32,4.95497,47.170005963568315,-13.103319542249665,-20.894355114131034,7.79103557188137,117833.35720000001,117770.85925096257,103.84991190646336,-89.63999999999942,0.0,24.610000000000582,-0.000768950557327841,2.5567125128134194e-05,0.0006646969411514629,0.3755414973593323,0,0,0,114.25,3.0100000000093132
2025-07-11 15:23:00,117821.96,117821.96,117707.71,117732.32,7.11371,47.170005963568315,-13.103319542249665,-20.894355114131034,7.79103557188137,117833.35720000001,117770.85925096257,103.84991190646336,-89.63999999999942,0.0,24.610000000000582,-0.000768950557327841,2.5567125128134194e-05,0.0006646969411514629,0.5304750346288145,0,0,0,114.25,3.0100000000093132
2025-07-11 15:23:00,117821.96,117821.96,117702.96,117702.97,8.66103,45.647305004759126,-15.444630083540687,-21.36261722238924,5.917987138848552,117832.7702,117768.19106914439,104.18919762074907,-118.99000000000524,0.0,0.00999999999476131,-0.0010180531937249437,-0.00022373358002347743,0.0007411152154689317,0.6384926818346919,0,0,0,119.0,-26.339999999996508
2025-07-11 15:24:00,117702.96,117702.96,117671.49,117680.0,2.74375,44.44019853305715,-20.624933385523036,-21.1814989712819,0.5565655857588645,117824.72119999999,117760.16947880013,98.98364419254729,-22.960000000006403,0.0,8.509999999994761,-0.00019515225486665955,-0.0014225994324027491,0.0007259719546938236,0.2344767623807576,0,0,0,31.470000000001164,-167.64999999999418
2025-07-11 15:24:00,117702.96,117711.43,117671.49,117711.43,3.92968,46.18860191783294,-18.11769691829977,-20.68005167783725,2.5623547595374774,117825.34980000001,117763.0267515274,99.58792990683241,8.469999999986612,0.0,31.470000000001164,7.187584136580938e-05,-0.0011558991630296056,0.0007305478415613273,0.3324552022435532,0,0,0,39.939999999987776,-136.22000000000116
2025-07-11 15:24:00,117702.96,117740.0,117671.49,117732.31,6.81158,47.47481346725392,-16.4520558926597,-20.346923472709232,3.8948675800495316,117825.7674,117764.92493334558,101.6286441925472,29.34999999999127,7.690000000002328,31.470000000001164,0.00024927153494935794,-0.0009787212557907932,0.000744241639509905,0.5625514055608977,0,0,0,68.50999999999476,-115.33999999999651
2025-07-11 15:24:00,117702.96,117740.0,117671.49,117722.74,9.20907,46.893016833612464,-17.215474696073215,-20.499607233391934,3.284132537318719,117825.576,117764.05493334559,101.6286441925472,19.779999999998836,17.25999999999476,31.470000000001164,0.00016796517539030553,-0.001059927796608462,0.0007369374644356652,0.7457873337459198,0,0,0,68.50999999999476,-124.90999999998894
2025-07-11 15:24:00,117702.96,117747.94,117671.49,117727.85,13.87759,47.20526734478497,-16.80783936844091,-20.418080167865476,3.6102407994245667,117825.67820000001,117764.51947880012,102.19578704969022,24.889999999999418,20.089999999996508,31.470000000001164,0.00021137954292926864,-0.0010165667283139612,0.000740624479871818,1.0829202097234718,0,0,0,76.44999999999709,-119.79999999998836
2025-07-11 15:25:00,117708.43,117708.43,117675.31,117675.31,2.78578,44.14394099366134,-23.109790495072957,-21.22432609189981,-1.885464403173149,117816.15620000001,117754.80708553459,97.26084276534391,-33.11999999999534,0.0,0.0,-0.00028137322025278966,-0.001252812271160808,0.0007297764555946886,0.23082380861355659,0,0,0,33.11999999999534,-147.61000000000058
2025-07-11 15:25:00,117708.43,117708.43,117612.0,117612.93,6.41937,41.03053550790083,-28.08597283124982,-22.21956255913518,-5.8664102721146385,117814.90860000001,117749.13617644369,101.7829856224866,-95.5,0.0,0.9299999999930151,-0.0008113267673351965,-0.0017822508557757688,0.0007994030930367339,0.5163495363417856,0,0,0,96.42999999999302,-209.99000000000524
2025-07-11 15:25:00,117708.43,117708.43,117600.81,117651.76,8.10923,42.91458143272417,-24.988422973707202,-21.600052587626656,-3.3883703860805454,117815.6852,117752.66617644369,102.58227133677248,-56.669999999998254,0.0,50.94999999999709,-0.0004814438524071152,-0.0014526884921881589,0.0007480437048609673,0.6435281898459863,0,0,0,107.61999999999534,-171.1600000000035
2025-07-11 15:25:00,117708.43,117708.43,117600.81,117675.31,9.40461,44.14394099366134,-23.109790495072957,-21.22432609189981,-1.885464403173149,117816.15620000001,117754.80708553459,102.58227133677248,-33.11999999999534,0.0,74.5,-0.00028137322025278966,-0.001252812271160808,0.0007297764555946886,0.7387322749922982,0,0,0,107.61999999999534,-147.61000000000058
2025-07-11 15:25:00,117708.43,117708.43,117600.81,117677.93,11.12507,44.28507830469822,-22.90078764606733,-21.182525522098683,-1.7182621239686462,117816.20860000001,117755.04526735278,102.58227133677248,-30.5,0.0,77.11999999999534,-0.0002591148314525782,-0.0012305755111144956,0.0007283955436440609,0.8622221801985742,0,0,0,107.61999999999534,-144.99000000000524
2025-07-11 15:26:00,117677.93,117690.68,117677.92,117690.68,0.27378,45.200464743024895,-25.196657076710835,-22.02009463263636,-3.1765624440744737,117807.5332,117749.19824569073,96.16693707545497,12.75,0.0,0.00999999999476131,0.00010834656931857367,-0.00010441537711414206,0.00044902814381644386,0.02339354378180586,0,0,0,12.759999999994761,-12.290000000008149
2025-07-11 15:26:00,117677.93,117690.68,117677.92,117690.68,0.42939,45.200464743024895,-25.196657076710835,-22.02009463263636,-3.1765624440744737,117807.5332,117749.19824569073,96.16693707545497,12.75,0.0,0.00999999999476131,0.00010834656931857367,-0.00010441537711414206,0.00044902814381644386,0.0366411549315245,0,0,0,12.759999999994761,-12.290000000008149
2025-07-11 15:26:00,117677.93,117713.57,117677.92,117700.0,2.42809,45.852771124158366,-24.45318129324005,-21.871399475942205,-2.581781817297845,117807.71960000001,117750.045518418,97.80193707545597,22.070000000006985,13.570000000006985,0.00999999999476131,0.00018754578704771596,-2.5233008139058377e-05,0.0004666077773687948,0.20372172710690634,0,0,0,35.65000000000873,-2.970000000001164
2025-07-11 15:26:00,117677.93,117713.57,117677.92,117677.93,3.52426,44.2822092133596,-26.213751093819155,-22.223513436058024,-3.9902376577611314,117807.2782,117748.03915478164,97.80193707545597,0.0,35.64000000001397,0.00999999999476131,0.0,-0.00021273889690298642,0.000428567119386814,0.2929979081792014,0,0,0,35.65000000000873,-25.04000000000815
2025-07-11 15:26:00,117677.93,117713.57,117660.32,117679.91,4.7762,44.42682207325109,-26.055802375864005,-22.191923692466993,-3.8638786833970116,117807.31780000002,117748.21915478163,99.05907993259821,1.9800000000104774,33.66000000000349,17.60999999998603,1.6825584882473876e-05,-0.0001959168914769105,0.00043145142893797977,0.392990611488685,0,0,0,53.25,-23.05999999999767
2025-07-11 15:27:00,117679.91,117679.91,117628.0,117628.01,1.45233,41.38708354253552,-32.41096705016389,-24.31600384358113,-8.094963206582761,117797.3268,117737.30113788732,95.6889804965326,-51.90000000000873,0.0,0.00999999999476131,-0.00044102684986768725,-0.0006832135982104415,0.0004337971247251384,0.12560898298004464,0,0,0,51.91000000000349,-80.41999999999825
2025-07-11 15:27:00,117679.91,117679.91,117604.2,117604.21,2.09411,40.13067616824317,-34.309542548740865,-24.695718943296523,-9.613823605444342,117796.8508,117735.13750152368,97.3889804965328,-75.69999999999709,0.0,0.010000000009313226,-0.0006432703763964431,-0.0008854081224257682,0.0004555073224006829,0.18011543984735548,0,0,0,75.7100000000064,-104.21999999998661
2025-07-11 15:27:00,117679.91,117679.91,117604.2,117640.0,3.17364,42.050315561823986,-31.45449981369893,-24.124710396288137,-7.329789417410794,117797.5666,117738.39113788732,97.3889804965328,-39.91000000000349,0.0,35.80000000000291,-0.00033914030015835817,-0.0005813517349606556,0.00042971013602764507,0.27045514993002223,0,0,0,75.7100000000064,-68.42999999999302
2025-07-11 15:27:00,117679.91,117684.23,117604.2,117684.23,4.64342,44.75665832459919,-27.9261807253788,-23.419046578624112,-4.507134146754687,117798.4512,117742.41204697822,97.69755192510368,4.319999999992433,0.0,75.7100000000064,3.6709749352992205e-05,-0.0002055927515132172,0.00045556951047074794,0.39081358884826806,0,0,0,80.02999999999884,-24.19999999999709
2025-07-11 15:27:00,117679.91,117684.23,117604.2,117684.22,6.02973,44.75588308979179,-27.92697844617942,-23.419206122784235,-4.507772323395184,117798.451,117742.41113788732,97.69755192510368,4.309999999997672,0.00999999999476131,75.7100000000064,3.662477308141732e-05,-0.00020567770719559508,0.00045555682060429125,0.5016393442622951,0,0,0,80.02999999999884,-24.20999999999185
2025-07-11 15:27:00,117679.91,117716.0,117604.2,117698.25,10.96653,45.82255176126368,-26.807776166970143,-23.19536566694238,-3.6124105000277638,117798.7316,117743.68659243277,99.9668376393897,18.339999999996508,17.75,75.7100000000064,0.0001558464822075667,-8.648488472740024e-05,0.00047601926438246747,0.8763598063886628,0,0,0,111.80000000000291,-10.179999999993015
2025-07-11 15:28:00,117698.25,117698.26,117684.23,117684.23,0.72947,44.88433432835893,-28.204036450348212,-24.25765863138653,-3.9463778189616825,117791.75300000001,117738.28905835844,93.82044008412524,-14.020000000004075,0.00999999999476131,0.0,-0.00011911816870691094,5.353595189849791e-05,0.00016045676613719612,0.06249748864567984,0,0,0,14.029999999998836,6.30000000000291
2025-07-11 15:28:00,117698.25,117698.26,117680.0,117680.0,1.25743,44.61032977304809,-28.54147234777338,-24.325145810871565,-4.216326536901814,117791.6684,117737.9045129039,94.1225829412678,-18.25,0.00999999999476131,0.0,-0.00015505753059197325,1.7590384195242947e-05,0.00016605167660533089,0.10724546334964777,0,0,0,18.25999999999476,2.070000000006985
2025-07-11 15:28:00,117698.25,117727.85,117680.0,117727.84,4.61289,48.093632346668464,-24.72517605147732,-23.561886551612353,-1.163289499864966,117792.6252,117742.25360381299,96.23615436984002,29.589999999996508,0.010000000009313226,18.25,0.0002514056071352133,0.00042412370781841346,0.0001924412325365774,0.3824845271659625,0,0,0,47.85000000000582,49.91000000000349
2025-07-11 15:28:00,117698.25,117795.01,117680.0,117795.0,7.21772,52.61266597322509,-19.367683174001286,-22.490387976117145,3.1227048021158588,117793.9684,117748.35905835844,101.03329722698209,96.75,0.00999999999476131,18.25,0.0008220173197137637,0.0009948339505971848,0.00040226948837280706,0.5858151904573837,1,0,1,115.00999999999476,117.07000000000698
2025-07-11 15:28:00,117698.25,117795.01,117680.0,117795.01,8.29598,52.61328025961503,-19.366885453200666,-22.49022843195702,3.123342978756355,117793.9686,117748.35996744935,101.03329722698209,96.75999999999476,0.0,18.25,0.0008221022827441526,0.000994918928298727,0.00040230463515882254,0.6674889609804452,1,0,1,115.00999999999476,117.08000000000175
2025-07-11 15:29:00,117795.01,117795.01,117783.22,117783.22,3.92538,51.7627160438907,-14.204577616939787,-20.81717447120628,6.612596854266492,117789.7412,117751.52621754441,94.65744376106954,-11.789999999993597,0.0,0.0,-0.00010000424466227731,0.0008778898624242082,0.00041732335217904834,0.3360270535086475,1,0,0,11.789999999993597,103.30999999999767
2025-07-11 15:29:00,117795.01,117795.01,117752.42,117752.43,7.27351,49.662500125897274,-16.660759953112574,-21.308410938440836,4.647650985328262,117789.1254,117748.7271266353,96.85744376106975,-42.580000000001746,0.0,0.00999999999476131,-0.00036139055138173504,0.0006162479220113148,0.000466375544216749,0.6052909857412497,1,0,0,42.58999999999651,72.51999999998952
2025-07-11 15:29:00,117795.01,117795.01,117752.42,117752.42,8.46853,49.661845700633485,-16.661557673913194,-21.30857048260096,4.647012808687766,117789.1252,117748.7262175444,96.85744376106975,-42.58999999999651,0.0,0.0,-0.00036147544462838965,0.00061616294573974,0.00046639539669999353,0.6977993586547454,1,0,0,42.58999999999651,72.50999999999476
2025-07-11 15:29:00,117795.01,117795.01,117752.42,117763.33,9.53514,50.38622841687569,-15.791244283609558,-21.13450780454023,5.343263520930673,117789.3434,117749.71803572623,96.85744376106975,-31.679999999993015,0.0,10.910000000003492,-0.00026885691243261345,0.0007088720581107655,0.0004461342745832542,0.7788420116650605,1,0,0,42.58999999999651,83.41999999999825
2025-07-11 15:29:00,117795.01,117795.01,117732.11,117759.99,15.14482,50.16223060298034,-16.057683030041517,-21.187795553826625,5.130112523785108,117789.2766,117749.41439936259,98.30815804678387,-35.01999999998952,0.0,27.880000000004657,-0.00029721125684445404,0.0006804899833794398,0.000452030488742386,1.1828488086473874,1,0,0,62.89999999999418,80.08000000000175
2025-07-11 15:30:00,117759.99,117760.0,117744.08,117744.08,1.28363,49.04299855714992,-14.56870480471116,-19.87344724658056,5.304742441869401,117787.69880000001,117748.93064404372,92.43016672186525,-15.910000000003492,0.00999999999476131,0.0,-0.0001351053103859634,0.0003893855686045722,0.0004311667423059999,0.11326071440640677,0,0,0,15.919999999998254,45.830000000001746
2025-07-11 15:30:00,117759.99,117760.0,117740.0,117740.01,2.22273,48.76484486394113,-14.89337716937007,-19.938381719512343,5.045004550142274,117787.6174,117748.56064404371,92.72159529329394,-19.980000000010477,0.00999999999476131,0.00999999999476131,-0.00016966713397315036,0.0003548056152067325,0.00043637377278012623,0.19451019088554364,0,0,0,20.0,41.75999999999476
2025-07-11 15:30:00,117759.99,117760.0,117691.56,117691.56,4.21817,45.68066561654803,-18.7583344343293,-20.71137317250419,1.9530387381748895,117786.6484,117744.15609858917,96.18159529329411,-68.43000000000757,0.00999999999476131,0.0,-0.000581097196085123,-5.684026737862169e-05,0.0005299960562050616,0.36279519247797104,0,0,0,68.44000000000233,-6.690000000002328
2025-07-11 15:30:00,117759.99,117760.0,117636.0,117636.0,7.8584,42.591612991907475,-23.190471186477225,-21.597800522933774,-1.5926706635434513,117785.5372,117739.10518949827,100.15016672186538,-123.99000000000524,0.00999999999476131,0.0,-0.0010529043013676187,-0.0005288948646220426,0.0006840979729910066,0.6553644159405735,0,0,0,124.0,-62.25
2025-07-11 15:30:00,117759.99,117760.0,117589.42,117589.43,9.90798,40.306976514190914,-26.905456941458397,-22.34079767393001,-4.564659267528388,117784.6058,117734.87155313462,103.47730957900835,-170.56000000001222,0.00999999999476131,0.00999999999476131,-0.0014483696882108266,-0.0009245676974807271,0.0008327102375233583,0.8124062590502141,0,0,0,170.58000000000175,-108.82000000000698
2025-07-11 15:31:00,117589.42,117590.74,117544.0,117544.0,4.35995,38.155464375005046,-38.72784354844771,-25.63382644596452,-13.094017102483189,117778.5162,117717.52155666138,99.43002291858343,-45.419999999998254,1.320000000006985,0.0,-0.00038634424879846474,-0.002130820493229768,0.0008320156585303418,0.40432765382478875,0,0,0,46.74000000000524,-251.0
2025-07-11 15:31:00,117589.42,117594.48,117544.0,117587.15,8.98056,40.19199968120997,-35.2856783062889,-24.945393397532758,-10.340284908756143,117779.3792,117721.4442839341,99.69716577572562,-2.2700000000040745,5.059999999997672,43.14999999999418,-1.9389497848520953e-05,-0.0017645061335371803,0.0008310503090397019,0.7986076991830612,0,0,0,50.479999999995925,-207.85000000000582
2025-07-11 15:31:00,117589.42,117594.48,117538.9,117538.9,13.07497,37.92831827110567,-39.13468115529395,-25.715193967333768,-13.41948718796018,117778.4142,117717.05792029775,100.06145149001176,-50.520000000004075,5.059999999997672,0.0,-0.0004297154939861825,-0.002174116049068364,0.0008342655911837298,1.1218612695019834,0,0,0,55.580000000001746,-256.1000000000058
2025-07-11 15:31:00,117589.42,117594.48,117462.68,117483.34,24.41354,35.61830808211505,-43.56681790742732,-26.60162131776044,-16.96519658966688,117777.30299999999,117712.00701120684,105.50573720429756,-106.08000000000175,5.059999999997672,20.660000000003492,-0.0009022069415592915,-0.002645782927968132,0.0008863348634290143,1.9090126502816698,0,0,0,131.8000000000029,-311.6600000000035
2025-07-11 15:31:00,117589.42,117594.48,117462.68,117481.71,28.06999,35.55477884243021,-43.69684639746265,-26.62762701576751,-17.06921938169514,117777.2704,117711.85882938866,105.50573720429756,-107.70999999999185,5.059999999997672,19.030000000013388,-0.0009160687316878136,-0.0026596205271870454,0.0008885753810981824,2.1339161731746192,0,0,0,131.8000000000029,-313.2899999999936
2025-07-11 15:32:00,117499.13,117549.79,117499.13,117526.92,3.69206,38.359705910064534,-51.815424818880274,-31.509230857057588,-20.306193961822686,117769.319,117696.33330587279,101.72940362820611,27.789999999993597,22.869999999995343,0.0,0.00025277193792327957,-0.001979195140896395,0.0008827874080541622,0.31406118921777065,0,0,0,50.65999999998894,-233.07000000000698
2025-07-11 15:32:00,117499.13,117549.79,117487.81,117487.81,6.18553,35.76157093252432,-54.93531085876748,-32.133208065035035,-22.802102793732445,117768.5368,117692.77785132734,102.40154648534921,-11.320000000006985,50.65999999998894,0.0,-8.008700120742951e-05,-0.0023113113375774486,0.0008431928912258508,0.5152371774618834,0,0,0,61.979999999995925,-272.18000000000757
2025-07-11 15:32:00,117499.13,117549.79,117481.31,117481.32,10.07844,35.488536735964715,-55.453031656492385,-32.236752224580016,-23.21627943191237,117768.407,117692.18785132733,102.86583219963494,-17.80999999999767,50.65999999998894,0.010000000009313226,-0.00013532235060531583,-0.002366423434648768,0.0008390001027902057,0.8131380854411231,0,0,0,68.47999999999593,-278.66999999999825
2025-07-11 15:32:00,117499.13,117549.79,117462.68,117470.87,11.82786,35.057560090145,-56.28664989009849,-32.40347587130123,-23.883174018797256,117768.198,117691.23785132733,104.19654648534956,-28.260000000009313,50.65999999998894,8.190000000002328,-0.0002242606250599799,-0.0024551632519670408,0.0008337439834781157,0.9410011995759238,0,0,0,87.11000000000058,-289.1200000000099
2025-07-11 15:32:00,117499.13,117549.79,117462.68,117462.68,17.2446,34.72703761773079,-56.93998322344851,-32.534142537971235,-24.405840685477273,117768.0342,117690.49330587279,104.19654648534956,-36.45000000001164,50.65999999998894,0.0,-0.0002939644018812304,-0.002524711491568632,0.0008309331718530619,1.3152656112568906,0,0,0,87.11000000000058,-297.3100000000122
2025-07-11 15:33:00,117462.68,117494.68,117462.68,117494.67,2.15142,37.218860574336716,-65.01965708186617,-38.98541642435609,-26.034240657510082,117757.76939999999,117672.68627002694,99.04086935416284,31.99000000000524,0.00999999999476131,0.0,0.0002722566629453915,-0.0008058547439170338,0.0006441309450922122,0.17255114829981275,0,0,0,32.0,-94.75999999999476
2025-07-11 15:33:00,117462.68,117494.68,117462.68,117462.69,3.87776,34.72965656742525,-67.57076819299255,-39.49563864658136,-28.075129546411183,117757.12980000001,117669.77899729967,99.04086935416284,0.010000000009313226,31.989999999990687,0.0,0.0,-0.0010778179637404017,0.000568510989894356,0.3067620699319995,0,0,0,32.0,-126.73999999999069
2025-07-11 15:33:00,117462.68,117494.68,117462.68,117468.22,6.44845,35.17411019623103,-67.12962859185063,-39.40741072635298,-27.722217865497655,117757.24040000001,117670.2817245724,99.04086935416284,5.540000000008149,26.45999999999185,0.0,4.7078778802056576e-05,-0.0010307899272918863,0.0005804664763089747,0.4999571251556249,0,0,0,32.0,-121.20999999999185
2025-07-11 15:33:00,117462.68,117494.68,117444.0,117444.0,8.78403,33.94312888412591,-69.06170836393721,-39.793826680770295,-29.26788168316692,117756.756,117668.07990639059,100.37515506844805,-18.679999999993015,32.0,0.0,-0.00015911435367266247,-0.0012367608211043546,0.0005322971210508455,0.6689248896780307,0,0,0,50.679999999993015,-145.42999999999302
2025-07-11 15:33:00,117462.68,117494.68,117432.58,117444.01,10.99774,33.943540186634536,-69.0609106431366,-39.793667136610175,-29.26724350652642,117756.7562,117668.08081548149,101.19086935416222,-18.669999999998254,32.0,11.429999999993015,-0.00015902922025712307,-0.0012366757794471939,0.0005323146124899866,0.8236196761236388,0,0,0,62.09999999999127,-145.41999999999825
2025-07-11 15:34:00,117444.01,117444.01,117444.01,117444.01,0.001,33.930725120799806,-77.90515993178997,-47.54775906405748,-30.357400867732487,117745.06439999999,117647.72730447145,93.96476140098562,0.0,0.0,0.0,0.0,-0.0004528617783468025,0.0005877979736656013,8.354708855941259e-05,0,0,0,0.0,-53.2100000000064
2025-07-11 15:34:00,117444.01,117465.69,117436.58,117436.58,3.06176,33.60483663471945,-78.49786648448207,-47.666300374595906,-30.831566109886168,117744.9158,117647.051849926,96.04404711527138,-7.429999999993015,21.680000000007567,0.0,-6.326418861202221e-05,-0.0005160973170258432,0.0005738620607435188,0.24942295037202122,0,0,0,29.110000000000582,-60.63999999999942
2025-07-11 15:34:00,117444.01,117465.69,117412.27,117419.97,11.00014,32.89846646794962,-79.8228807294945,-47.93130322359839,-31.89157750589611,117744.5836,117645.541849926,97.78047568669979,-24.039999999993597,21.680000000007567,7.69999999999709,-0.0002046932832078241,-0.0006574623637903843,0.0005467330454025714,0.8416834924707015,0,0,0,53.419999999998254,-77.25
2025-07-11 15:34:00,117444.01,117465.69,117412.27,117439.49,12.04862,33.73172406146294,-78.26572973234579,-47.61987302416865,-30.645856708177142,117744.974,117647.31639538055,97.78047568669979,-4.519999999989523,21.680000000007567,27.220000000001164,-3.848642429693516e-05,-0.0004913307736131856,0.0005791954525938148,0.9145715140207346,0,0,0,53.419999999998254,-57.729999999995925
2025-07-11 15:34:00,117444.01,117465.69,117412.27,117427.1,12.4863,33.19801178359907,-79.25410580071912,-47.81754823784331,-31.436557562875805,117744.72619999999,117646.19003174419,97.78047568669979,-16.90999999998894,21.680000000007567,14.830000000001746,-0.00014398350328803655,-0.0005967800770094733,0.0005576618117991716,0.9446559601168966,0,0,0,53.419999999998254,-70.11999999999534
2025-07-11 15:34:00,117444.01,117465.69,117412.27,117415.36,16.59069,32.707652034599946,-80.1906300172559,-48.00485308115067,-32.18577693610523,117744.4914,117645.12275901691,97.78047568669979,-28.64999999999418,21.680000000007567,3.0899999999965075,-0.00024394603011246296,-0.000696697334626295,0.000540275827340062,1.2173734195257548,0,0,0,53.419999999998254,-81.86000000000058
2025-07-11 15:35:00,117426.55,117441.27,117426.55,117441.27,0.28338,34.49598116191221,-85.18674386387283,-55.340917323147664,-29.84582654072517,117733.8244,117627.51998328106,91.83550091149415,14.720000000001164,0.0,0.0,0.00012544012622717204,-0.00018235577611924736,0.0003341865639329721,0.02140820478627264,0,0,0,14.720000000001164,-21.419999999998254
2025-07-11 15:35:00,117426.55,117463.21,117426.55,117449.61,2.3645,35.22372400465636,-84.52144471857173,-55.207857494087435,-29.313587224484294,117733.99119999999,117628.27816509924,93.40264376863718,23.05999999999767,13.60000000000582,0.0,0.00019646325268563025,-0.0001113545075461797,0.0003550996618354026,0.17586341723333562,0,0,0,36.66000000000349,-13.080000000001746
